RA;ED1;ED2;ED2A;ED3;ED4/5;ED Total;Prova;Nota da Prova;Nota do Estudo;NOTA FINAL
2426150;1;1;0.9;0.9;0.85;0.93;0.914;6.855;2.325;9.18
2426099;0.85;0.95;0.95;0.95;0.95;0.93;0.8;6;2.325;8.325
1621169;0.9;0.95;1;0.85;0.9;0.92;0.799;5.9925;2.3;8.2925
1926251;0.7;0.65;0.92;0.75;0.55;0.714;0.772;5.79;1.785;7.575
6124040;0.99;0.85;0;0.99;0.95;0.756;0.882;6.615;1.89;8.505
1926261;1;1;1;0.9;0.87;0.954;0.794;5.955;2.385;8.34
1926153;1;1;1;1;0.85;0.97;0.9415;7.06125;2.425;9.48625
1926003;1;0.99;0.99;0.99;0.9;0.974;0.969;7.2675;2.435;9.7025
5126033;0.9;0.85;1;1;0.99;0.948;0.8565;6.42375;2.37;8.79375
1926116;0.85;0.95;0.95;0.95;0.95;0.93;0.856;6.42;2.325;8.745
1926204;0.9;0.99;1;0.99;0.9;0.956;0.892;6.69;2.39;9.08
1926247;0.9;0.99;1;0.99;0.9;0.956;0.809;6.0675;2.39;8.4575
2326003;0;0;0;0;0;0;0.8325;6.24375;0;6.24375
1620010;0.9;0.95;1;0.85;0.9;0.92;0.9;6.75;2.3;6.42
2326066;1;1;1;1;0.95;0.99;0.884;6.63;2.475;6.405
1926306;0.98;1;1;1;1;0.996;0.978;7.335;2.49;9.825
1926177;0.98;0.95;1;1;1;0.986;0.76;5.7;2.465;8.165
1926129;1;0.85;0.85;0.85;0.7;0.85;0.7845;5.88375;2.125;8.00875
1621175;0.9;0.95;1;0.85;0.9;0.92;0.797;5.9775;2.3;8.2775
1926300;0.98;0.95;1;1;1;0.986;0.89;6.675;2.465;9.14
2326140;0.9;0.85;1;1;0.99;0.948;0.8615;6.46125;2.37;8.83125
1926305;0;0;0;0;0;0;0;0;0;0
1926188;0.99;0;0.96;0.98;0.98;0.782;0.845;6.3375;1.955;8.2925
2326139;1;0.91;0.99;1;0.7;0.92;0.8275;6.20625;2.3;8.50625
1621174;0.85;1;1;0.99;0.95;0.958;0.8825;6.61875;2.395;9.01375
1926027;0.95;1;1;1;0.84;0.958;0.903;6.7725;2.395;9.1675
1926040;0.95;1;1;1;0.84;0.958;0.707;5.3025;2.395;7.6975
1721144;0.85;1;1;0.99;0.95;0.958;0.783;5.8725;2.395;8.2675
2426139;0.9;0.99;1;0.99;0.9;0.956;0.711;5.3325;2.39;7.7225
2326016;1;1;0.98;1;0.92;0.98;0.99;7.425;2.45;9.875
1926168;0.98;0.9;0.975;0.95;0.99;0.959;0.662;4.965;2.3975;7.3625
1926303;0.99;0.85;0;0.99;0.95;0.756;0.7485;5.61375;1.89;7.50375
1626033;1;1;0.95;1;1;0.99;0.862;6.465;2.475;8.94
2426090;1;0.84;0.96;1;0.85;0.93;1;7.5;2.325;9.825
1926301;0.7;0.65;0.92;0.75;0.55;0.714;0.996;7.47;1.785;9.255
1926178;1;1;1;1;0.85;0.97;0.883;6.6225;2.425;9.0475
2426023;1;0.98;1;1;0.99;0.994;0.969;7.2675;2.485;9.7525
1926313;0.98;1;1;1;1;0.996;0.742;5.565;2.49;8.055
2426059;0.85;0.8;1;0.9;0.95;0.9;0.912;6.84;2.25;9.09
1926244;0.99;0.85;0;0.99;0.95;0.756;0.957;7.1775;1.89;9.0675
1926107;0.7;0.65;0.92;0.75;0.55;0.714;0.681;5.1075;1.785;6.8925
2326048;1;0.91;0.99;1;0.7;0.92;0.931;6.9825;2.3;9.2825
1926059;1;0.99;0;1;0.9;0.778;0.958;7.185;1.945;9.13
1926093;0.98;0.95;1;1;1;0.986;0.855;6.4125;2.465;8.8775
1926191;1;1;1;1;0.87;0.974;0.796;5.97;2.435;8.405
1926205;0.99;0;0.96;0.98;0.98;0.782;0.89;6.675;1.955;8.63
1926140;1;1;1;0.9;0.87;0.954;0.921;6.9075;2.385;9.2925
2426002;0.9;1;1;1;1;0.98;0.941;7.0575;2.45;9.5075
2326027;1;1;0;0;0;0.4;0.8565;6.42375;1;7.42375
2426069;1;0.84;0.96;1;0.85;0.93;0.938;7.035;2.325;9.36
1926239;0.98;1;1;1;1;0.996;0.856;6.42;2.49;8.91
1926262;0.9;0.9;1;1;0.9;0.94;0.863;6.4725;2.35;8.8225
1926263;0.99;0.85;0;0.99;0.95;0.756;0.721;5.4075;1.89;7.2975
1926307;0.98;1;1;1;1;0.996;0.7675;5.75625;2.49;8.24625
1926201;0;0;0;0;0;0;0.856;6.42;0;6.42
2326051;1;0.91;0.99;1;0.7;0.92;0.903;6.7725;2.3;9.0725
2426048;0.86;0.75;1;1;0.7;0.862;0.8945;6.70875;2.155;8.86375
1926189;0.85;0.85;0.85;0.875;0.85;0.855;0.847;6.3525;2.1375;8.49
1926132;0.9;0.9;1;1;0.9;0.94;0.889;6.6675;2.35;9.0175
1926010;1;0.85;0.85;0.85;0.7;0.85;0.892;6.69;2.125;8.815
2426103;0.98;0.9;0.975;0.95;0.99;0.959;0.912;6.84;2.3975;9.2375
1626159;1;0.98;1;1;0.99;0.994;0.921;6.9075;2.485;9.3925
1926180;1;1;0.9;0.9;0.85;0.93;0.969;7.2675;2.325;9.5925
2326037;1;1;1;1;0.95;0.99;0.941;7.0575;2.475;9.5325
1926252;0.9;0.99;1;0.99;0.9;0.956;0.895;6.7125;2.39;9.1025
1926302;1;1;1;0.9;0.87;0.954;0.894;6.705;2.385;9.09
1926063;0.7;0.65;0.92;0.75;0.55;0.714;0.68;5.1;1.785;6.885
1926207;1;0.99;0;1;0.9;0.778;0.692;5.19;1.945;7.135
1926192;0.99;0;0.96;0.98;0.98;0.782;0.729;5.4675;1.955;7.4225
6323556;0.9;0.85;1;1;0.99;0.948;0.99;7.425;2.37;9.795
2426153;1;1;0.95;1;1;0.99;0.93;6.975;2.475;9.45
2326073;1;1;0.98;1;0.92;0.98;0.95;7.125;2.45;9.575
2326106;1;1;1;1;0.95;0.99;1;7.5;2.475;9.975
1926166;1;0.99;0;1;0.9;0.778;0.822;6.165;1.945;8.11
2326038;0;0;0;0;0;0;0.854;6.405;0;6.405
1926097;1;0.99;0.99;0.99;0.9;0.974;0.756;5.67;2.435;8.105
2426151;1;1;0.9;0.9;0.85;0.93;0.862;6.465;2.325;8.79
1926194;1;1;1;0.9;0.87;0.954;1;7.5;2.385;9.885
2426024;0.86;0.75;1;1;0.7;0.862;0.912;6.84;2.155;8.995
1926243;0.99;0;0.96;0.98;0.98;0.782;0.902;6.765;1.955;8.72
1926011;0.9;0.9;1;1;0.9;0.94;0.959;7.1925;2.35;9.5425
3925007;0.99;0.85;0;0.99;0.95;0.756;0.796;5.97;1.89;7.86
2426086;1;1;0.9;0.9;0.85;0.93;0.91;6.825;2.325;9.15
2426095;1;0.98;1;1;0.99;0.994;0.8;6;2.485;8.485
2326080;0;0;0;0;0;0;0;0;0;0
2326099;1;1;1;1;0.95;0.99;0.82;6.15;2.475;8.625
1926162;0.85;0.8;1;0.9;0.95;0.9;0.883;6.6225;2.25;8.8725
1721138;0.85;1;1;0.99;0.95;0.958;0.912;6.84;2.395;9.235
1926068;1;0.99;0.99;0.99;0.9;0.974;0.796;5.97;2.435;8.405
2426096;1;0.98;1;1;0.99;0.994;0.769;5.7675;2.485;8.2525
1926131;1;0.85;0.85;0.85;0.7;0.85;0.737;5.5275;2.125;7.6525
2426003;0.95;0.875;0.9;1;1;0.945;0.862;6.465;2.3625;8.8275
1926163;0.85;0.85;0.85;0.875;0.85;0.855;0.99;7.425;2.1375;9.5625
1926197;1;0.99;0.99;0.99;0.9;0.974;0.614;4.605;2.435;7.04
2426089;0.86;0.75;1;1;0.7;0.862;0.969;7.2675;2.155;9.4225
1926144;1;0.99;0;1;0.9;0.778;0.779;5.8425;1.945;7.7875
1926185;0.95;1;1;1;0.84;0.958;0.653;4.8975;2.395;7.2925
2326059;1;1;0.98;1;0.92;0.98;0.919;6.8925;2.45;9.3425
2326042;1;0.91;0.99;1;0.7;0.92;0.978;7.335;2.3;9.635
1926182;0.86;0.75;1;1;0.7;0.862;0.4975;3.73125;2.155;5.88625
2426037;1;1;0.95;1;1;0.99;0.7;5.25;2.475;7.725
2326069;1;0.91;0.99;1;0.7;0.92;0.95;7.125;2.3;9.425
2426081;1;0.99;1;0.9;0.15;0.808;0.73;5.475;2.02;7.495
1926279;0.9;0.9;1;1;0.9;0.94;0.8545;6.40875;2.35;8.75875
5126082;0.95;1;1;1;0.84;0.958;0.9032;6.774;2.395;9.169
2326127;1;1;0;0;0;0.4;0.921;6.9075;1;7.9075
1124083;1;1;0;0;0;0.4;0.875;6.5625;1;7.5625
2026079;1;0.99;1;1;0.85;0.968;0.988;7.41;2.42;9.83
1926111;1;1;1;1;0.85;0.97;1;7.5;2.425;9.925
1526154;0.85;0.85;0.85;0.875;0.85;0.855;0.945;7.0875;2.1375;9.225
4526005;1;1;0.98;1;0.92;0.98;0;0;2.45;2.45
